dest_ip,dest_port
194.180.232.214,8085
213.250.198.66,4145
182.23.108.163,4153
123.126.158.50,80
47.237.107.41,111
5.133.193.54,45803
47.74.46.81,9098
38.170.169.220,5461
1.10.229.230,4145
218.24.16.198,36180
45.174.248.1,999
92.255.205.129,8080
93.190.138.107,46182
69.163.162.211,46007
47.238.134.126,100
51.68.224.9,80
82.210.56.251,80
47.237.92.86,3128
81.161.236.152,8080
114.4.200.222,5678
13.113.174.156,3128
185.87.121.35,8975
92.119.74.228,5678
47.238.134.126,8080
8.213.197.208,2083
117.20.64.44,56981
119.237.43.106,80
213.6.170.17,80
192.95.33.162,2887
50.199.46.20,32100
222.71.131.131,1080
161.35.91.95,80
103.148.62.1,8080
145.223.46.147,5697
109.169.140.196,7788
46.146.204.175,1080
136.226.245.22,8080
54.36.81.217,8080
156.238.11.178,38078
181.209.106.190,1080
69.164.206.96,13024
45.41.169.29,6690
146.56.178.93,1711
1.180.0.162,7302
47.238.130.212,8008
103.143.116.44,35010
8.137.38.48,39
51.15.210.79,16379
8.221.139.222,8085
111.199.70.169,1080
82.147.123.185,10808
70.166.167.55,57745
116.106.176.217,12030
199.187.210.54,4145
94.154.127.222,8085
103.250.73.178,8444
23.230.223.210,8085
159.69.153.169,5566
198.23.214.107,6374
37.140.51.159,80
175.139.233.78,80
183.80.130.9,4145
203.150.128.237,8080
47.250.11.111,1000
203.112.134.74,5678
187.188.131.169,1080
102.39.119.71,5678
103.48.69.33,83
191.101.131.232,1080
45.174.80.83,20183
84.236.185.247,61710
192.163.204.80,10648
200.106.184.97,999
146.59.202.7,80
185.95.186.165,48293
192.111.135.17,18302
45.196.148.191,5432
87.248.129.32,80
103.127.23.10,5678
181.209.106.188,1080
180.149.234.74,6214
42.117.240.170,16000
116.99.226.73,25258
181.214.39.51,5719
189.240.60.233,9090
156.253.175.67,3129
184.178.172.17,4145
8.211.195.139,3128
45.43.70.25,6312
45.135.139.64,6367
203.188.245.98,52837
47.238.60.156,8443
110.39.40.118,1088
79.110.202.131,8081
189.250.135.40,80
209.97.150.167,80
140.235.0.201,8085
85.89.184.87,5678
38.170.173.96,7647
162.144.74.156,3620
72.10.160.90,24819
115.69.214.51,5678
103.41.32.250,51951
47.100.207.117,8080
103.81.175.218,28022
51.178.86.221,3128
27.0.183.82,3128
91.206.77.127,60099
190.102.233.100,999
192.111.138.29,4145
102.165.125.102,5678
123.154.24.179,8085
80.253.246.238,6618
101.255.211.54,8082
103.86.109.38,80
94.131.12.128,10808
136.233.136.41,43314
123.141.181.31,5031
174.75.211.222,4145
174.138.30.119,443
163.172.161.35,16379
36.37.86.26,9812
117.102.115.158,4153
8.142.3.145,3306
66.29.154.105,3128
192.111.137.37,18762
185.226.204.118,5671
103.234.55.173,80
119.17.204.225,1080
167.86.93.118,8058
45.77.153.183,10284
201.49.193.249,7171
34.92.88.81,33333
192.111.137.35,4145
8.213.156.191,9080
83.69.109.106,1080
179.1.133.33,999
185.51.92.84,51327
195.66.210.177,8080
174.64.199.79,4145
94.231.192.97,8080
51.158.105.94,31826
194.99.25.144,8085
203.189.141.139,33333
121.29.81.125,1080
95.188.82.147,3629
27.147.239.162,35010
154.213.166.222,3129
205.185.114.78,5556
41.33.203.227,1976
101.109.251.42,4145
78.135.105.217,50504
14.225.194.159,1080
113.161.145.229,4153
68.185.57.66,80
205.185.126.51,5556
50.96.204.220,18351
67.225.243.221,63809
190.239.23.33,5678
38.156.74.147,10820
200.52.153.194,5678
103.49.114.195,8080
94.130.177.190,9999
8.211.194.85,1080
204.199.139.76,999
109.197.55.234,1080
125.228.77.228,1081
18.101.7.10,3128
161.35.70.249,80
139.59.6.54,54571
138.59.151.162,8080
8.221.141.88,1200
45.136.26.197,8085
190.136.50.67,3128
110.80.140.213,443
47.183.197.188,2916
142.147.244.86,6330
61.178.99.43,7302
72.10.164.178,24553
222.129.35.173,57114
91.241.131.179,9834
105.234.148.210,35010
187.141.184.235,8080
45.56.173.21,6004
202.29.220.202,61507
156.253.169.126,3129
103.81.152.10,83
166.88.238.95,6075
8.213.156.191,138
173.245.252.206,54321
178.16.144.94,1080
138.68.236.23,3128
170.210.121.190,8080
5.104.75.181,1082
112.126.68.169,8384
64.226.85.75,1080
119.130.165.4,38801
46.101.35.96,80
190.113.40.202,999
62.171.146.164,80
94.73.251.19,1080
155.50.213.149,3128
27.65.243.113,1080
159.138.157.44,8081
192.252.216.81,4145
190.0.241.220,999
192.111.139.163,19404
3.143.37.255,80
8.211.195.173,8081
156.248.80.98,3129
138.199.233.152,80
109.238.14.123,52663
186.219.215.147,4153
156.248.85.193,3129
156.228.185.53,3129
156.228.101.160,3129
139.255.97.157,14888
172.104.202.91,80
38.153.137.59,5367
94.154.221.91,5678
61.155.235.58,10800
208.113.161.0,23089
67.227.37.58,5600
205.185.125.140,5556
143.44.191.108,8080
107.181.148.235,6095
97.74.87.226,80
8.138.131.110,3128
5.78.129.53,80
192.111.130.5,17002
72.10.160.94,5623
118.174.47.182,4145
70.166.167.38,57728
202.137.141.26,5678
194.110.150.202,8085
103.111.22.65,58563
101.51.105.157,4145
139.59.7.217,36590
104.245.244.41,6481
62.193.108.135,1976
46.10.71.235,4145
117.4.107.199,51796
51.158.79.141,16379
209.14.117.220,999
142.54.226.214,4145
46.160.129.189,3128
212.175.175.43,80
91.151.88.220,6618
45.145.128.14,8085
185.215.54.66,3629
119.93.129.34,80
34.75.202.63,80
84.52.123.163,4145
43.133.37.149,1080
95.31.42.199,3629
218.4.192.62,7302
103.112.52.156,8765
221.202.27.194,10810
200.10.37.249,7777
162.241.125.171,55804
125.234.95.131,1080
103.191.165.45,1080
51.158.105.203,16379
31.172.133.253,4153
47.76.144.139,8081
140.235.2.153,8085
181.129.182.138,5678
8.213.137.155,8080
14.207.24.176,8080
212.31.100.138,4153
59.7.246.4,80
46.23.141.142,5678
46.35.9.11,80
184.181.217.201,4145
167.235.155.77,47287
156.248.82.88,3129
34.126.187.77,80
41.79.10.218,4673
98.188.47.150,4145
8.211.49.86,9098
8.211.195.173,8080
45.136.244.245,44531
80.75.218.148,3128
187.19.127.180,4153
38.10.250.5,999
183.88.184.48,8080
81.94.255.13,8080
116.237.114.4,5678
124.41.240.177,52480
178.253.208.146,1080
146.120.176.86,5678
8.221.138.111,9080
101.91.242.198,6688
213.147.123.50,1080
115.76.196.229,25058
171.239.25.129,3920
197.255.125.12,80
199.116.114.11,4145
110.77.149.227,4153
190.57.245.250,8080
31.214.171.62,3128
159.223.166.21,25154
89.39.114.31,4153
177.128.44.129,31337
201.148.125.126,4153
205.198.65.77,80
154.65.39.7,80
200.118.122.6,4153
184.178.172.11,4145
80.63.107.90,4153
107.219.228.250,7777
185.129.250.65,4861
84.239.49.37,9002
1.212.157.114,4145
196.250.176.17,8080
201.158.15.134,35010
205.185.123.62,2555
192.158.15.201,50877
1.198.177.19,38801
103.102.141.40,4145
94.154.127.250,8085
47.238.60.156,18081
72.195.34.35,27360
81.250.223.126,80
47.91.29.151,80
179.40.75.1,61362
123.141.181.1,5031
107.181.148.99,5959
122.52.196.36,8080
72.221.232.152,4145
47.76.144.139,8080
103.242.119.88,80
194.13.71.208,1080
200.25.254.193,54240
161.123.93.233,5963
103.140.205.201,1080
45.136.24.66,8085
110.235.249.8,33333
125.119.190.66,3333
103.74.107.241,51101
18.144.77.146,80
31.58.19.89,6361
8.211.194.78,81
177.136.124.36,3629
130.51.180.134,2714
95.87.30.11,8080
45.147.235.249,8085
156.242.42.158,3129
45.147.234.197,8085
36.255.104.9,1080
140.82.22.235,34587
64.49.36.93,8085
45.115.115.37,9090
47.90.167.27,1000
8.210.17.35,3128
170.78.211.161,1080
94.154.127.180,8085
208.96.138.86,29183
198.37.109.141,6248
12.218.209.130,13326
181.214.39.73,5719
170.244.0.179,4145
191.223.223.223,8080
212.237.125.216,6969
149.129.255.179,9098
68.71.240.210,4145
103.133.60.12,8080
160.248.9.210,3128
47.89.159.212,179
41.86.252.91,443
115.127.106.226,1088
109.198.19.143,443
188.241.45.142,2021
103.139.246.166,5678
156.228.93.223,3129
23.236.170.231,9264
38.51.49.84,999
45.6.95.66,4153
195.47.243.254,4145
209.121.164.50,31147
36.92.87.73,5678
103.245.205.142,35158
175.101.18.25,5678
185.64.106.94,31956
5.188.64.79,5678
201.20.183.218,3128
88.218.46.38,8085
89.238.206.2,33333
45.135.139.159,6462
148.72.177.90,8228
46.146.239.193,8080
51.158.105.107,16379
120.89.91.222,8181
94.121.194.29,3128
46.109.146.244,4145
57.129.81.201,8081
45.14.224.32,28145
209.13.96.171,39921
61.130.151.230,7302
94.247.208.16,8123
140.235.0.142,8085
184.178.172.25,15291
156.228.86.202,3129
194.31.53.250,80
172.64.149.167,8880
31.58.20.197,5881
149.20.253.47,12551
212.47.232.161,16379
8.212.165.164,5080
1.148.221.226,11579
165.90.89.38,3128
200.29.8.18,5678
5.133.214.122,22799
202.79.35.143,4153
146.56.161.26,18433
8.213.128.90,9091
14.232.166.150,5678
37.157.217.144,10810
79.110.200.148,8081
123.140.146.2,5031
173.236.187.104,40355
41.93.78.218,1088
64.176.85.16,1080
88.204.216.142,33156
142.44.241.192,7497
156.228.96.132,3129
8.213.215.187,30000
140.235.1.74,8085
89.23.112.143,80
47.116.210.163,9080
177.106.0.129,3128
192.111.139.162,4145
93.175.194.155,3629
193.142.39.237,8085
206.206.119.191,6102
103.142.110.202,5678
161.35.82.57,1080
51.75.126.150,57328
188.164.199.199,36938
187.86.153.254,30660
41.59.90.168,80
85.194.250.22,1080
178.254.168.74,58753
141.147.9.254,80
146.103.56.65,5613
46.146.220.180,1080
85.62.5.158,5678
138.68.235.51,80
144.91.95.238,58237
45.188.166.52,1994
72.10.160.173,23973
8.213.129.2,50001
45.79.204.100,3128
102.69.146.181,5678
41.65.71.141,1976
115.242.204.122,5678
190.182.88.214,30956
177.229.210.50,8080
198.105.122.8,6581
196.202.210.73,32650
27.79.162.67,16000
80.90.188.187,24530
45.38.45.69,6008
181.74.81.195,999
103.116.174.125,5678
46.10.229.243,7777
200.192.236.242,1080
77.91.74.77,80
198.8.94.170,4145
41.223.108.13,1080
206.72.206.45,1080
200.111.158.234,5678
103.253.27.150,2055
138.2.68.129,3128
201.218.144.18,999
149.129.226.9,5441
147.161.128.127,11194
91.150.189.122,60647
160.248.189.97,3127
82.200.80.118,8080
45.61.187.67,4007
62.210.201.140,17937
94.154.127.232,8085
147.139.199.251,61524
185.200.38.142,8080
103.6.177.174,8002
213.189.137.134,80
8.211.49.86,8080
50.172.150.134,80
157.125.220.80,8080
46.160.90.81,5678
182.16.171.101,8080
13.232.245.132,80
174.126.217.110,80
58.69.201.117,8082
65.21.131.27,80
12.165.234.253,16096
125.25.57.57,4153
45.147.232.182,8085
104.18.24.247,80
103.160.57.169,10101
35.185.254.159,80
138.197.69.132,19260
195.66.210.177,1080
190.225.164.15,33333
160.191.55.146,1157
46.98.191.58,1111
107.173.36.213,5668
50.114.15.48,6033
78.47.103.89,8080
166.88.172.241,8085
202.57.37.197,35846
179.96.251.161,5678
167.172.159.43,39019
8.211.200.183,3128
213.222.34.200,4145
8.210.4.18,7779
217.197.151.182,5678
181.48.70.30,4153
122.252.179.66,5678
188.132.221.143,8080
202.131.159.58,5678
173.249.2.58,5964
193.233.210.181,8085
134.209.71.78,8888
85.92.164.179,4145
38.170.162.66,7121
180.246.62.222,8080
200.188.246.122,60606
104.143.226.223,5826
102.164.252.24,38910
18.142.81.218,80
160.191.55.147,60605
140.235.1.247,8085
67.205.153.110,51528
198.105.111.210,6888
190.120.255.160,999
72.195.114.169,4145
78.157.57.71,3128
142.111.239.14,5592
115.75.99.65,4153
103.163.51.254,80
45.138.69.35,20000
205.240.77.164,4145
190.71.24.129,999
206.189.146.13,8080
91.242.228.162,8085
34.87.103.220,80
77.235.23.130,5678
94.154.31.136,2114
41.59.90.171,80
27.76.9.187,10001
181.39.27.225,1994
98.162.96.52,4145
131.100.48.81,999
192.252.210.233,4145
45.136.25.159,8085
216.117.195.93,80
146.59.14.159,80
81.162.199.86,4153
46.188.2.42,5678
62.201.233.59,4145
156.228.108.47,3129
220.152.112.150,1088
103.60.138.2,4153
128.199.37.92,1080
138.59.11.192,999
83.143.24.66,1080
123.140.146.21,5031
192.99.201.39,18336
161.123.93.101,5831
58.18.39.58,10800
8.221.139.222,6666
45.61.100.242,6510
179.1.110.77,5678
13.212.216.15,52638
103.55.22.247,8199
140.235.1.46,8085
209.141.44.241,1080
199.102.104.70,4145
180.246.79.160,8080
69.61.200.104,36181
200.24.130.138,999
91.215.61.181,5678
47.238.60.156,8008
43.153.174.106,443
154.0.14.116,3128
147.75.34.74,10019
8.220.204.92,4145
45.159.250.127,8118
77.241.20.215,55915
184.185.2.12,4145
62.171.132.27,39536
176.126.111.211,8085
173.245.88.220,5523
185.77.221.98,8085
41.186.174.167,1088
192.252.211.193,4145
160.22.134.32,1111
103.234.27.221,9990
181.143.21.146,4153
185.244.208.195,23699
172.233.78.254,7890
139.5.73.71,8080
154.113.17.106,5678
103.160.207.49,32650
104.129.192.55,8800
14.186.61.187,10007
201.174.73.70,11337
168.149.1.227,8080
69.49.234.59,55781
31.148.207.153,80
66.29.128.243,45155
183.88.212.247,1080
172.67.70.204,80
202.131.246.250,5678
192.145.205.97,8080
212.127.95.235,8081
103.82.157.102,8080
13.245.30.86,3128
51.158.68.28,16379
103.154.87.12,80
80.78.74.56,65530
138.117.229.17,999
49.249.155.3,80
146.190.16.167,3129
89.35.237.187,4444
103.137.108.86,5678
103.187.39.21,1080
45.249.50.137,4153
62.24.109.53,60606
196.1.93.16,80
147.182.229.154,7497
177.38.245.106,55713
43.135.160.152,443
38.250.126.201,999
197.211.24.206,5678
37.193.71.189,1080
185.171.52.130,5678
180.180.218.250,8080
83.234.76.155,4145
207.180.250.238,80
51.44.163.128,3128
211.128.96.206,8037
98.188.47.132,4145
46.101.160.223,80
154.29.232.156,6816
137.74.173.77,33611
123.214.223.26,1080
216.39.248.155,33333
72.210.221.197,4145
27.74.219.51,30453
178.49.236.109,1080
190.60.34.13,999
38.127.172.35,11537
143.47.100.122,6360
72.206.181.103,4145
185.77.221.118,8085
103.151.119.41,8080
62.171.131.101,29497
45.70.237.135,4145
103.160.12.147,8199
27.77.234.230,1080
191.97.19.66,999
77.34.77.97,4145
70.126.182.218,27977
50.255.17.229,32100
203.24.109.26,80
200.115.157.211,4145
8.222.17.214,1080
14.63.49.131,4145
27.154.57.94,10800
103.160.69.151,8080
72.210.252.137,4145
76.81.6.107,31008
176.106.36.12,8070
212.69.12.81,1080
185.161.186.133,54321
142.111.239.147,5725
119.82.251.250,48603
93.117.72.27,55770
103.78.170.13,83
72.10.164.178,28247
43.216.75.140,42761
45.234.100.102,1080
117.54.114.10,80
192.151.150.174,2301
95.47.239.65,3128
213.226.11.149,59086
102.39.68.76,8080
80.191.169.79,4145
188.166.231.167,7497
77.110.123.32,3128
154.16.146.42,80
103.138.185.81,83
20.27.15.111,8561
84.54.191.22,8080
103.188.169.95,8080
202.154.18.1,4995
103.105.55.243,8082
142.54.237.38,4145
35.194.228.247,3128
89.46.249.252,5080
167.99.209.165,80
185.41.152.110,3128
47.109.83.196,8080
41.33.66.228,1981
41.77.188.131,80
1.179.199.130,33333
142.11.222.22,80
8.213.134.213,18080
47.76.144.139,8008
82.206.131.58,10801
146.103.3.156,7209
82.103.70.227,4145
159.148.146.65,5678
91.242.228.21,8085
178.18.245.90,29910
8.211.195.173,1000
91.213.249.200,80
107.178.9.186,8080
176.31.110.126,45517
156.248.85.232,3129
103.174.178.133,1020
81.184.13.123,80
24.64.124.154,8080
172.67.41.42,80
47.90.205.231,33333
31.59.33.154,6730
8.221.141.88,8101
187.19.201.48,8080
185.14.47.52,16088
181.174.228.96,999
117.198.221.34,4153
51.77.141.29,4662
206.206.119.89,6000
89.117.145.245,3128
23.19.244.109,1080
190.110.99.189,999
45.147.235.79,8085
213.147.123.33,1080
184.178.172.3,4145
213.249.123.18,1080
95.174.71.144,40254
203.160.61.104,4145
213.172.89.227,4153
197.164.101.10,1981
49.207.177.65,5678
45.43.81.4,5651
186.67.47.230,999
51.158.108.134,16379
208.102.51.6,58208
41.86.46.112,8080
91.242.228.254,8085
27.79.234.58,16000
92.67.186.210,80
142.54.232.6,4145
103.174.178.131,1020
8.213.128.90,8181
72.206.181.123,4145
72.10.160.170,1467
3.24.58.156,3128
69.94.136.71,8443
103.149.194.9,32650
85.215.64.49,80
14.241.182.44,5678
103.247.14.37,8199
197.234.13.69,4145
107.182.231.48,58695
34.80.202.6,3128
103.76.253.66,3129
8.213.197.208,443
146.103.3.62,7115
202.40.181.220,31247
185.93.89.191,20917
173.245.65.142,8888
156.242.41.79,3129
203.77.240.74,4145
202.51.126.241,1080
106.105.118.250,80
185.97.114.179,3629
108.141.130.146,80
143.198.241.47,80
103.87.169.186,5664
203.189.150.48,8080
191.7.208.101,31576
209.126.6.159,80
128.140.70.51,16299
41.65.160.171,1981
159.89.169.49,18159
163.53.83.124,5678
92.113.241.93,6178
43.198.151.41,31005
154.239.9.94,8080
116.97.1.206,4010
184.105.133.1,48324
157.100.55.143,999
125.227.225.157,3389
91.247.250.215,4145
45.147.8.218,8085
222.165.234.147,52667
219.93.101.63,80
45.148.125.247,8085
193.142.36.185,8085
95.56.254.139,3128
60.174.167.40,4999
103.48.183.113,4145
213.212.204.202,1976
91.243.192.17,3629
103.60.214.18,51754
142.93.202.130,3128
93.91.112.247,41258
94.154.127.58,8085
47.238.130.212,8080
105.214.84.196,5678
80.91.125.238,8089
192.12.113.255,4145
47.251.87.74,6379
144.91.78.34,20269
154.16.146.41,80
156.242.47.154,3129
125.141.133.98,5566
116.103.89.163,16000
212.220.13.98,4153
36.136.27.2,4999
103.140.35.11,4145
93.177.95.123,8085
181.212.41.171,999
198.244.189.216,1111
45.249.77.145,83
85.117.69.253,1080
143.198.229.225,3240
117.54.114.102,80
188.166.177.173,61950
178.70.175.242,1080
122.175.58.131,80
31.43.33.55,4153
8.221.138.111,80
194.183.190.10,8080
45.13.59.103,1080
8.211.194.85,9080
141.94.195.25,22558
103.134.239.210,5678
122.248.46.26,4145
137.220.61.187,10024
216.154.201.132,54321
114.106.137.191,38801
202.40.186.66,1088
181.214.136.115,1080
45.177.80.210,1080
103.240.33.145,8291
47.122.31.238,8080
64.20.43.89,1080
103.159.219.50,5678
213.14.31.123,35314
8.213.129.15,10
125.87.80.253,2324
43.198.103.235,3128
94.154.127.140,8085
173.212.248.58,11103
37.53.90.82,12542
198.37.109.110,6217
34.87.84.105,80
115.164.146.10,5678
190.5.77.211,80
198.105.122.145,6718
120.224.234.71,7300
123.253.124.28,5678
179.1.192.17,999
118.70.151.55,1080
167.172.49.33,3128
156.242.39.229,3129
202.61.120.182,8080
8.220.205.172,9080
38.154.233.243,5653
114.4.241.210,5678
108.181.34.82,3389
185.171.54.36,4153
193.56.20.139,8085
156.228.105.68,3129
182.16.175.163,5678
188.132.150.70,8080
8.213.222.157,9999
185.189.14.93,1195
188.247.39.14,43032
89.28.48.254,5678
152.228.154.2,80
84.241.55.158,5678
45.43.87.101,7850
31.129.253.30,39540
101.201.225.47,80
163.172.132.238,16379
220.116.142.217,80
206.62.165.42,999
121.101.185.69,43296
103.87.85.198,80
93.177.103.24,50471
94.154.127.93,8085
151.232.18.66,5678
27.79.174.167,16000
103.170.185.226,80
123.141.181.24,5031
39.170.85.129,7302
47.91.89.3,115
103.253.145.43,61461
199.102.106.94,4145
46.105.35.193,8080
134.209.29.120,80
212.32.235.131,80
196.0.87.98,5678
1.15.63.46,80
47.91.29.151,9098
51.159.134.210,3128
46.202.71.51,6046
77.105.137.42,8080
156.240.223.247,8118
180.183.108.19,8080
190.61.88.147,8080
45.63.70.67,29313
163.172.162.184,16379
43.216.143.123,9008
103.148.113.170,8080
174.77.111.196,4145
201.134.41.110,443
103.73.101.16,1080
34.81.160.132,80
47.91.121.127,50
2.136.144.142,3389
46.98.184.203,5678
204.93.169.232,60755
182.72.203.246,80
201.219.201.14,999
174.75.211.193,4145
68.183.55.211,37775
121.176.173.123,80
50.250.75.153,39593
159.223.180.40,8080
177.67.136.25,4153
8.211.49.86,161
156.242.36.71,3129
67.43.236.19,19801
8.220.205.172,8081
203.13.32.47,80
138.68.60.8,8080
103.168.47.12,33333
193.111.124.12,8080
45.115.1.14,5678
20.27.14.220,8561
177.91.35.202,4153
123.231.230.58,31196
43.153.86.246,7890
103.153.232.41,8080
217.23.6.121,15324
79.120.9.143,7777
67.43.236.20,6231
4.188.236.47,80
38.154.197.58,6724
47.238.128.246,18080
46.149.34.206,3629
190.57.131.158,1080
103.69.20.131,10888
47.254.198.237,3128
45.135.139.114,6417
36.67.161.3,4153
47.76.144.139,4006
185.140.232.98,4145
95.165.163.188,36496
67.201.35.145,4145
85.30.219.207,80
91.99.78.151,80
136.0.109.180,6466
51.91.109.83,80
181.129.43.3,8080
45.114.68.87,1080
103.156.75.130,1111
177.12.178.249,4153
162.144.236.128,80
72.10.160.172,11267
47.254.36.213,199
130.193.123.34,5678
85.217.192.39,4145
192.177.103.187,6680
178.49.14.57,3128
45.32.169.213,61790
99.29.26.137,8080
191.7.189.184,5678
110.74.195.2,4153
100.1.53.24,5678
24.249.199.4,4145
54.37.115.191,37748
77.77.26.152,4153
43.199.163.10,3128
212.34.116.58,4145
62.193.118.57,1981
8.220.204.215,90
193.233.211.82,8085
94.23.9.170,80
8.213.128.90,9002
212.47.251.132,16379
103.133.24.5,8080
1.54.167.171,16000
181.115.74.172,5678
8.211.194.85,808
104.200.135.46,4145
138.201.139.252,12344
27.79.145.54,16000
107.152.98.5,4145
162.253.68.97,4145
5.196.22.151,3000
47.91.29.151,8443
47.252.18.37,9080
64.49.38.135,8085
45.136.27.41,8085
103.170.160.177,5678
178.62.229.28,3128
202.4.125.221,1088
165.232.155.74,21909
61.148.199.206,4145
46.227.39.2,1088
114.108.177.104,60984
116.106.179.178,12027
207.246.90.7,14793
203.189.159.241,1080
8.213.195.191,5060
47.91.89.3,35
185.226.207.90,5639
41.190.92.50,60606
138.255.14.20,8080
5.58.47.25,3629
81.169.213.169,8888
103.155.54.26,83
219.93.101.60,80
103.160.12.138,4145
103.174.236.57,1081
51.38.32.142,46627
103.134.245.92,8080
223.25.109.146,8199
41.65.236.56,1981
200.75.137.210,4145
156.248.82.5,3129
38.54.16.184,7777
51.222.244.155,4857
51.195.236.200,21688
51.158.113.139,16379
47.242.3.214,8081
81.30.27.147,33333
190.69.157.213,999
84.2.239.42,4153
91.222.238.112,80
184.170.245.148,4145
150.230.59.34,8080
103.124.198.98,1080
104.143.224.115,5976
103.75.96.70,8080
70.36.101.234,60003
161.35.188.95,3128
96.36.50.99,39593
8.211.194.85,5060
51.38.155.24,46069
66.29.138.180,61222
18.60.111.249,6698
212.39.114.139,5678
184.178.172.13,15311
46.99.210.63,3629
222.188.105.190,10800
8.213.222.157,100
186.219.96.12,52017
91.150.77.58,56921
192.111.135.18,18301
181.115.206.242,3128
45.133.113.107,8085
1.1.1.40,80
103.224.54.233,31433
156.228.80.172,3129
166.88.171.66,8085
89.46.249.248,25585
38.154.206.74,9565
154.213.197.142,3129
87.106.103.177,3128
181.57.138.70,4153
20.205.115.87,8080
177.93.44.53,999
141.94.104.205,48452
154.213.165.26,3129
50.193.36.173,8080
91.242.228.167,8085
141.98.85.221,8085
39.101.206.0,8080
198.23.214.173,6440
85.239.59.218,8085
61.184.189.124,10800
75.41.145.46,5678
203.243.63.16,80
159.223.93.121,3128
104.143.224.164,6025
67.43.228.253,4615
66.135.16.53,80
80.87.192.7,3128
47.238.134.126,8081
149.200.200.44,80
185.89.156.130,5678
72.195.34.59,4145
190.144.224.182,44550
104.248.151.220,57554
109.236.93.23,24179
16.163.88.228,80
147.161.169.29,10010
8.217.165.154,7777
61.216.156.222,60808
118.71.99.233,5678
65.38.213.154,8881
91.241.21.237,9812
46.218.29.15,80
213.184.242.144,1337
154.90.49.134,9090
123.141.181.49,5031
205.185.120.241,5556
103.149.130.38,80
203.189.154.151,1080
178.128.157.114,443
20.84.109.185,80
138.36.151.11,8090
156.248.80.46,3129
200.71.123.77,60606
104.239.107.118,5770
104.143.224.129,5990
8.220.204.215,808
46.254.240.106,43310
68.183.90.210,59166
118.136.82.136,5678
185.61.38.140,1080
163.172.171.22,16379
203.74.125.18,8888
192.111.129.145,16894
201.204.47.66,5678
23.251.62.210,10080
31.211.142.115,8192
103.88.169.106,33149
47.88.16.13,13579
85.172.66.254,1099
43.159.198.87,7890
115.85.72.204,5678
163.172.178.154,16379
177.85.65.177,4153
131.221.233.11,4153
125.27.10.84,4153
221.134.152.75,7302
162.241.53.72,57846
103.54.57.117,50460
101.51.105.2,4145
156.38.112.11,80
146.103.56.197,5745
80.78.64.70,4145
181.229.38.117,5678
184.178.172.23,4145
8.213.215.187,202
102.222.161.143,3128
199.96.167.251,8085
31.10.83.158,8080
103.210.29.201,31433
206.189.134.250,3128
185.99.70.164,8080
114.250.17.28,9000
104.143.224.234,6095
195.138.73.54,31145
69.58.9.67,7137
118.173.230.149,1080
45.147.232.200,8085
91.242.228.151,8085
192.236.160.186,80
109.111.166.40,8080
37.236.60.35,8080
8.213.128.6,1234
123.31.12.184,45255
67.227.112.135,6175
197.255.126.69,80
45.65.227.97,999
176.74.197.163,36918
103.167.87.48,39045
8.221.141.88,8080
154.29.227.162,8081
105.225.53.124,3128
201.93.159.234,4145
155.50.209.50,3128
31.58.151.71,6062
31.43.63.70,4145
191.252.113.131,80
191.243.54.245,41599
51.79.241.31,3128
3.26.174.5,18609
27.79.164.185,16000
203.76.98.21,45958
47.206.214.6,54321
115.243.142.185,5678
125.160.244.102,3128
177.10.81.32,4145
185.93.89.147,4529
185.172.214.112,80
185.18.198.163,55500
91.205.41.109,52606
202.84.76.190,5678
128.199.104.190,41354
115.127.83.142,1234
91.203.114.71,42905
8.211.194.78,80
201.76.9.115,8080
94.198.40.18,80
103.4.118.130,5678
103.233.2.90,4893
51.158.113.18,16379
202.6.233.59,7878
8.213.128.90,8080
103.75.119.185,80
72.52.217.188,80
117.242.237.164,5678
62.12.146.142,3128
45.196.148.117,5432
89.19.34.252,8085
118.70.212.110,60606
202.131.235.138,4153
89.41.106.8,4145
67.43.236.20,32951
80.65.80.230,5678
196.0.113.10,31651
50.235.92.65,32100
212.42.113.240,37545
45.133.112.46,8085
156.67.172.185,3128
192.252.208.70,14282
110.74.202.186,4153
192.99.37.195,16166
47.56.110.204,8989
8.221.141.88,31433
116.203.107.220,80
178.20.212.31,8085
103.125.154.233,8080
45.238.12.4,3128
103.174.102.127,80
36.95.245.7,8090
110.164.241.194,4153
194.180.236.222,8085
41.191.203.161,80
105.214.69.143,5678
109.236.81.77,12460
105.214.82.133,5678
47.251.73.54,8443
193.29.62.48,35427
190.119.167.154,5678
103.86.57.9,4145
54.39.41.20,48958
62.74.223.178,33333
194.87.69.136,8989
132.148.244.30,45157
83.220.46.106,4145
5.189.129.186,48229
115.127.82.138,9090
49.0.87.62,1080
103.12.246.153,4145
91.242.228.67,8085
121.127.42.146,80
198.23.214.58,6325
186.251.255.129,31337
34.160.0.137,80
47.250.56.98,19190
46.37.193.234,33333
45.231.221.193,999
3.128.142.113,80
193.68.17.141,60606
180.180.171.113,4145
64.64.152.248,39593
103.195.252.161,83
174.138.54.65,80
185.87.121.5,8975
103.12.161.222,1080
69.164.206.8,57623
206.81.14.168,31966
198.37.103.71,62220
187.102.16.66,51327
202.148.22.106,5678
103.166.159.183,8090
89.110.65.39,9999
173.214.176.99,6070
200.7.8.74,8080
121.200.60.122,4153
83.219.145.106,3128
124.108.6.20,8085
202.5.54.70,4145
103.29.61.243,4153
217.182.6.206,26379
140.48.17.96,8080
8.215.12.103,8007
177.234.192.47,32213
70.60.132.130,5678
3.148.186.197,8101
222.124.177.148,59166
47.239.48.114,59394
47.238.60.156,8081
205.185.126.15,5556
117.202.20.70,1088
191.102.82.83,4153
67.201.33.10,25283
8.213.197.208,9098
142.54.229.249,4145
198.46.137.150,6354
36.92.193.189,80
47.238.149.53,8888
185.170.233.107,47574
188.240.121.95,1080
72.195.34.41,4145
103.148.112.72,8199
175.131.115.18,8080
135.148.120.6,80
8.211.51.115,9080
27.155.221.118,8118
103.138.145.34,80
190.15.210.143,33333
36.37.189.64,5678
38.3.162.129,999
78.47.122.82,40088
23.27.236.81,6817
190.52.107.85,999
197.211.240.119,5678
47.237.2.245,3128
47.90.149.238,90
182.16.240.49,30617
8.213.129.15,808
68.71.247.130,4145
117.3.201.192,4010
178.171.107.86,5433
45.236.215.111,54029
45.133.112.238,8085
82.165.105.48,80
51.159.59.154,1080
45.159.23.169,8085
38.153.139.119,9795
1.179.148.33,1080
200.80.227.234,4145
217.149.98.98,4153
8.221.141.88,4301
190.13.147.93,5678
146.70.80.76,80
183.81.153.9,5678
188.166.234.144,19738
212.47.249.156,16379
38.156.75.233,10820
116.237.128.15,4145
103.197.49.12,8080
51.81.245.3,17981
201.144.20.231,5678
27.72.122.228,51067
175.139.179.65,42580
91.242.228.64,8085
128.199.131.156,29717
63.151.67.7,8080
47.251.73.54,8080
47.74.46.81,8080
156.228.91.46,3129
103.147.182.36,80
185.244.77.62,1080
45.122.45.1,5678
51.15.211.42,16379
140.83.32.175,80
248.178.193.78,9150
188.93.213.242,1080
103.105.103.17,3629
195.138.90.226,3128
103.157.219.4,80
45.70.236.194,999
31.58.18.37,6306
199.102.105.242,4145
95.217.137.46,8080
212.83.143.151,31442
139.59.1.14,80
193.233.138.207,8085
123.108.98.89,5678
72.221.196.157,35904
103.245.16.107,8080
168.181.121.195,57010
185.141.213.174,8080
103.229.14.114,8080
5.78.89.192,8080
184.174.126.30,6322
47.74.46.81,3128
142.54.237.34,4145
182.48.89.100,3629
143.110.217.153,1080
45.133.113.204,8085
57.129.81.201,999
159.223.118.43,8080
103.121.39.158,1080
8.221.141.88,6443
103.79.96.169,4153
45.33.21.96,4748
84.195.180.164,3128
45.182.176.38,9947
156.242.39.107,3129
8.219.229.53,9080
216.74.115.56,6650
47.109.110.100,8888
115.127.62.50,1088
116.118.98.26,5678
201.186.41.17,999
76.185.16.94,54079
85.239.57.169,8085
192.248.95.98,54126
190.104.219.147,4153
166.0.235.197,35197
95.0.175.149,1080
110.78.146.161,4145
93.180.222.134,8080
8.220.204.92,9098
47.238.128.246,8888
125.25.32.228,8080
196.204.83.233,1981
91.242.228.16,8085
200.108.197.2,8080
39.100.88.89,3128
107.173.105.40,5727
27.79.162.78,16000
84.39.112.144,3128
104.199.219.13,3128
190.116.2.52,80
66.29.154.103,3128
51.222.241.8,42378
101.51.121.29,4153
103.155.199.104,8080
192.81.129.252,3135
213.74.223.76,4153
45.249.78.25,83
46.0.203.186,8080
191.97.16.160,999
123.141.181.8,5031
110.77.135.70,4145
116.118.98.10,5678
51.195.139.95,44648
31.181.253.239,7788
158.101.1.100,42171
27.71.228.47,3128
212.16.73.229,8888
177.38.245.110,55713
156.242.47.195,3129
108.136.220.77,4005
198.145.118.51,8080
155.50.241.99,3128
181.205.41.210,7654
190.12.95.170,37209
94.141.123.62,1080
24.249.199.12,4145
212.115.232.79,10800
128.140.77.217,9050
149.129.226.9,100
118.174.209.75,4145
212.192.31.37,3128
103.109.158.235,4153
8.211.51.115,3128
45.115.195.58,6036
198.98.58.218,30410
27.185.27.44,10020
104.18.178.30,80
116.103.93.153,16000
184.181.217.220,4145
190.128.241.102,80
103.180.73.107,8080
198.37.99.90,5881
188.166.154.164,8118
116.106.177.17,12030
94.154.127.203,8085
202.137.144.228,8080
93.184.9.9,1080
94.250.60.60,4153
109.122.195.16,80
8.213.151.128,3128
216.155.93.238,5678
186.201.31.189,4145
177.104.87.23,5678
104.244.75.78,31534
98.170.57.231,4145
14.155.190.101,3306
187.63.9.62,63253
143.42.194.37,3128
103.83.0.14,8085
107.173.105.41,5728
206.206.119.17,5928
52.140.40.92,80
95.31.35.210,3629
159.192.142.24,5678
8.213.197.208,6379
47.91.89.3,11
8.213.197.208,8080
183.182.102.135,5678
195.91.129.101,1337
47.252.4.1,80
8.213.134.213,8182
35.189.183.169,3128
206.220.175.2,4145
103.250.14.26,8199
111.68.31.134,40385
185.94.34.42,8085
8.242.178.5,999
107.181.154.252,5930
109.248.236.150,60606
54.180.239.137,28136
8.209.96.245,8443
89.249.192.144,6543
8.221.138.111,8443
103.174.150.58,1080
95.179.232.45,15737
182.72.203.255,80
217.69.121.211,5876
145.223.46.64,5614
154.201.72.192,8888
213.171.214.19,8001
194.99.25.104,8085
1.54.167.2,16000
202.93.245.34,1111
192.252.220.89,4145
184.95.220.42,1080
45.147.235.213,8085
38.183.146.159,8181
149.129.226.9,93
41.93.71.21,80
203.77.239.218,5678
77.238.79.111,5678
201.234.24.89,4153
8.220.204.92,8081
104.233.15.201,5924
45.159.23.128,8085
38.7.1.118,999
143.42.66.91,80
51.158.64.130,16379
59.92.70.176,3127
124.41.240.203,37704
202.51.103.154,5678
103.216.141.63,8080
185.216.105.184,6761
178.35.177.242,3629
103.47.125.33,33545
95.178.108.189,5678
213.32.252.134,5678
112.86.116.24,1080
13.209.156.241,80
219.65.73.81,80
192.81.225.9,33140
102.38.17.193,8080
47.252.18.37,50
8.218.39.40,10800
43.153.66.118,80
202.162.105.202,8000
45.136.24.142,8085
31.206.38.40,15924
110.76.145.22,92
45.196.150.46,5432
187.19.128.76,8090
45.43.81.215,5862
192.252.215.5,16137
95.154.106.226,1080
123.145.4.15,53309
179.96.142.75,5678
42.118.3.219,16000
83.168.74.163,8080
72.10.160.170,3949
41.73.253.234,4145
139.59.225.188,12827
116.106.176.150,12030
45.249.79.190,3629
135.181.78.38,60063
188.138.254.218,4145
193.176.242.186,80
5.133.96.148,4153
91.242.228.74,8085
168.90.255.60,999
162.55.215.143,44093
177.137.207.166,1080
195.114.209.50,80
185.198.58.33,29071
89.218.8.152,1080
64.49.37.81,8085
45.135.139.248,6551
47.238.128.246,8443
67.201.39.14,4145
136.0.127.160,5869
72.206.181.97,64943
156.228.87.84,3129
38.180.2.107,3128
152.67.199.163,3128
72.10.160.173,18201
154.6.127.103,5574
197.251.236.226,5678
80.78.74.66,65530
94.247.241.70,51006
1.1.109.141,9999
104.143.224.42,5903
103.211.8.201,52616
194.180.233.167,8085
154.213.162.252,3129
193.142.36.131,8085
157.230.226.230,1202
8.220.204.92,8080
212.47.250.36,16379
156.242.43.81,3129
104.128.103.32,64312
13.213.9.151,1080
43.216.148.22,37425
181.236.221.138,4145
186.159.6.163,1994
20.78.26.206,8561
31.207.38.66,80
103.58.75.29,5678
68.71.252.38,4145
163.172.128.222,16379
196.0.111.194,48009
47.238.134.126,14
78.128.51.140,8080
207.244.254.27,7000
212.126.5.248,42344
8.209.96.245,8080
220.255.253.233,111
152.170.68.57,33333
72.195.114.184,4145
157.10.97.119,8181
1.179.148.9,36476
45.43.70.22,6309
146.19.196.173,54337
42.118.173.189,16000
184.174.75.86,51724
51.79.249.186,3128
43.251.119.79,45787
156.228.79.219,3129
156.242.33.192,3129
89.110.105.167,47120
122.129.84.12,8080
47.74.46.81,10000
193.106.249.83,44446
103.111.136.82,8199
8.221.141.88,161
192.203.0.238,33333
31.211.130.237,8192
41.128.183.12,1976
116.103.93.156,16000
103.157.13.75,84
198.8.94.174,39078
156.248.83.248,3129
165.0.100.149,5678
41.57.6.45,8080
107.174.136.24,5966
38.153.137.156,5464
190.232.88.160,8080
36.89.251.210,5678
8.221.141.88,1527
123.140.146.31,5031
166.62.53.45,45842
54.39.50.68,58327
185.243.126.53,4191
185.64.105.183,31298
98.162.25.16,4145
27.79.138.29,16000
115.127.80.1,9090
207.180.252.117,2222
66.78.34.51,5670
109.111.212.78,8080
66.135.227.178,4145
8.211.49.86,3128
190.61.32.168,6969
64.225.4.85,9997
43.130.146.142,10811
152.44.100.94,1080
45.187.71.208,5678
51.75.206.209,80
95.217.104.21,24815
173.212.237.43,43648
64.49.67.164,5678
140.235.3.206,8085
213.7.196.26,4153
176.74.192.44,24822
2.186.115.87,8080
159.65.221.25,80
72.10.160.90,3549
158.255.77.166,80
170.81.140.79,61437
80.191.40.41,5678
103.75.117.79,80
89.58.45.94,40343
43.216.66.199,221
201.249.152.172,999
47.238.128.246,100
72.10.160.174,30447
200.32.105.86,4153
94.46.172.104,80
185.170.233.112,47574
35.177.23.165,10535
107.175.119.179,6707
178.132.4.53,443
123.140.146.10,5031
103.18.47.79,4145
68.178.161.107,80
20.165.222.46,3129
184.181.217.194,4145
95.46.140.214,1081
206.42.19.65,8080
184.170.249.65,4145
103.106.56.131,8082
43.216.214.221,4289
171.254.0.13,1080
47.236.37.129,18081
184.170.248.5,4145
209.159.153.21,46234
80.209.243.26,3222
45.65.113.18,27676
47.241.183.180,3128
8.213.129.20,9002
91.200.115.49,1080
62.210.215.36,80
74.119.144.60,4145
45.147.11.159,8085
218.1.200.180,57114
190.43.92.249,5678
178.33.162.89,58574
82.25.90.240,3128
198.89.91.42,5678
199.180.8.7,5718
136.243.153.182,8080
142.54.236.97,4145
213.145.137.102,37447
192.140.42.83,59057
104.37.175.200,22292
56.155.38.121,12736
212.23.175.80,8443
213.189.137.132,80
103.74.227.130,56417
5.231.211.181,3128
122.248.46.253,4145
123.140.146.40,5031
194.233.78.142,42495
181.129.74.58,30431
168.245.197.146,80
95.66.244.250,8080
47.91.109.17,9098
31.220.78.244,80
5.75.155.221,8888
159.138.9.58,2221
123.143.162.221,6388
156.228.0.28,3129
39.101.65.228,8000
103.216.51.36,32650
47.238.128.246,17
184.60.66.122,80
102.216.69.176,8080
175.29.178.34,10808
201.229.250.21,8080
195.246.54.31,8080
156.228.104.244,3129
72.206.181.105,64935
39.102.208.23,3128
117.250.3.58,8080
45.147.232.155,8085
8.211.51.115,3333
203.205.29.108,5678
18.132.14.119,3128
221.226.188.218,10800
43.228.95.138,5678
202.43.191.14,5430
20.41.240.154,3128
103.243.114.206,8080
202.138.242.6,38373
102.132.15.33,8080
125.141.151.83,80
41.65.163.86,1981
119.18.158.131,4153
103.47.52.150,8192
105.214.123.42,5678
80.235.108.14,8080
41.128.148.78,1976
171.244.68.28,5678
72.10.160.172,16377
51.178.165.36,3128
125.27.240.130,8080
108.161.128.43,80
27.77.230.217,1080
47.238.185.110,8888
103.152.117.74,1080
162.55.8.72,26379
39.104.23.154,6379
192.81.128.182,8089
118.97.107.65,5430
202.162.105.202,80
108.181.133.58,24230
184.181.217.206,4145
157.100.6.202,999
193.233.142.14,8085
38.180.82.210,8080
159.65.144.65,15302
91.132.124.20,8085
136.232.116.2,43314
177.71.134.117,35410
118.179.119.218,8080
103.48.181.189,4145
198.105.100.162,6413
72.10.160.170,19303
222.117.64.146,80
119.93.122.233,4145
118.172.47.97,51327
186.97.236.242,5678
156.228.78.82,3128
78.133.163.190,4145
107.175.119.111,6639
202.162.219.10,1080
102.211.216.18,8080
103.138.123.65,8090
140.238.43.53,54322
178.220.148.82,10801
202.152.15.2,4145
213.156.124.3,33333
8.213.156.191,80
186.166.142.82,999
185.226.113.180,38030
162.55.26.132,31280
203.205.34.58,5678
124.90.45.58,10800
38.137.179.244,999
95.128.142.76,1080
88.119.49.4,4153
72.210.221.223,4145
1.10.133.155,4145
45.116.230.79,4673
115.127.83.142,1088
88.99.148.60,8111
200.50.249.224,4153
209.14.119.244,999
85.117.63.99,4153
47.74.46.81,98
216.215.125.178,48324
188.134.1.49,3629
119.82.251.250,31678
67.205.158.205,80
85.143.254.38,1080
67.227.113.25,5565
146.103.56.29,5577
104.239.104.53,6277
95.217.196.186,21899
186.192.78.5,8080
209.135.168.41,80
103.66.197.2,8080
155.0.181.254,41174
70.35.199.99,56633
190.104.26.227,33638
3.101.76.84,18242
174.64.199.82,4145
8.213.197.208,8008
169.239.236.201,10801
8.211.194.78,8443
46.175.253.125,1080
104.248.158.27,25100
195.191.158.172,80
185.226.207.55,5604
103.154.118.154,57413
195.219.98.27,5678
190.180.34.164,5678
196.204.83.235,1976
46.8.60.2,1080
94.23.222.122,14822
202.159.35.25,443
12.89.124.138,4145
88.255.102.114,1082
36.37.244.41,5678
181.209.106.189,1080
66.78.34.94,5713
200.21.225.82,8080
5.58.66.55,14888
52.41.249.10,80
67.43.228.250,7015
203.194.21.241,4153
23.27.93.147,5726
172.67.75.161,80
143.202.97.171,999
192.111.137.34,18765
199.96.165.83,8085
212.47.243.66,16379
190.111.209.207,3128
61.171.50.169,6688
166.88.172.216,8085
138.91.159.185,80
81.103.105.130,8888
185.128.242.4,45629
58.186.220.86,16000
124.243.152.58,25810
35.190.107.16,30000
117.102.101.52,5678
117.216.46.148,1080
117.74.125.14,1133
47.92.242.45,8118
154.79.254.236,32650
218.78.65.202,6688
103.102.142.98,4145
168.205.79.15,25566
47.88.104.126,3344
67.227.42.167,6144
145.223.102.212,3128
38.170.190.230,9581
8.213.215.187,8888
104.143.224.225,6086
36.229.100.73,80
8.222.151.218,5566
36.91.45.11,51299
116.104.189.133,5579
47.238.130.212,8004
181.205.161.189,999
185.139.56.133,4145
68.1.210.163,4145
82.146.37.145,80
5.160.103.246,8080
94.232.125.200,5678
202.21.127.6,5678
207.177.122.144,8080
167.71.5.83,3128
198.199.86.11,8080
192.73.244.36,80
91.213.119.246,46024
196.204.24.251,8080
149.202.91.219,80
177.87.230.31,43573
212.3.186.67,8080
154.236.177.102,1977
45.61.124.167,6496
59.45.13.219,3629
152.231.25.114,8080
102.223.20.217,80
163.181.123.54,8080
36.90.172.55,4145
112.78.131.2,8080
213.136.69.153,63791
194.180.232.51,8085
67.43.228.253,10431
176.9.238.155,16379
90.154.124.211,8080
67.43.228.254,23763
202.162.214.250,3128
176.9.238.173,47679
186.96.124.242,4153
1.2.252.65,8080
82.102.10.253,80
166.88.224.14,5912
107.181.168.145,4145
1.179.242.33,4145
212.33.248.45,1080
51.15.196.107,16379
37.192.133.82,1080
201.234.24.1,4153
52.47.137.181,80
200.174.198.86,8888
95.217.195.146,9999
197.164.101.13,1976
46.55.143.145,8080
103.150.110.202,9969
154.236.168.178,1976
103.35.108.244,2024
193.151.141.17,8080
174.77.111.197,4145
166.88.58.106,5831
8.211.49.86,1080
150.230.207.167,80
12.158.87.26,39593
82.190.190.98,80
62.210.15.199,80
104.233.26.212,6050
37.187.88.32,8001
37.26.136.224,4153
50.113.36.155,8080
181.209.106.187,1080
20.27.15.49,8561
103.126.218.179,5058
174.77.111.198,49547
185.130.219.10,4153
49.0.2.243,5430
103.205.130.94,4145
51.15.240.207,16379
43.134.237.27,443
110.44.113.162,5678
94.253.95.241,3629
177.132.188.44,4153
194.28.91.10,5678
219.79.89.247,8080
41.33.145.219,1981
200.116.198.222,9812
156.253.179.48,3129
47.122.56.158,6379
87.248.129.26,80
38.156.73.154,8080
97.74.237.222,45219
51.158.98.211,16379
190.52.178.17,80
89.32.230.43,4145
45.115.195.88,6066
136.228.128.6,41399
34.135.166.24,80
35.180.23.174,3128
185.88.178.154,80
8.213.222.247,6379
206.206.69.181,6445
159.69.31.188,40424
119.17.192.97,1080
43.255.113.232,84
103.133.26.106,8080
141.136.42.164,80
144.76.75.25,4444
89.46.249.248,5432
180.92.231.126,6969
209.97.150.167,8080
194.180.233.57,8085
167.114.53.129,80
46.34.161.9,4153
51.84.110.224,3128
145.239.5.238,25569
8.221.138.111,18080
107.181.161.81,4145
134.209.111.155,7497
23.108.99.55,5256
94.182.179.208,8081
103.209.230.185,4153
199.102.107.145,4145
109.245.231.73,8192
154.213.198.80,3129
156.228.94.125,3129
154.213.164.179,3129
47.91.109.17,91
106.107.183.19,80
185.174.137.30,3128
213.210.67.186,3629
186.179.169.22,3128
147.45.69.93,1080
193.200.151.158,8192
156.240.204.251,8118
123.140.146.45,5031
156.228.84.151,3129
112.2.21.18,51080
43.130.62.247,12740
67.201.58.190,4145
103.222.255.106,8080
209.97.150.167,3128
221.226.109.229,7302
8.213.128.90,4000
202.55.175.237,1080
45.187.76.2,3629
203.57.51.53,80
190.145.227.114,999
8.211.51.115,1900
200.85.52.254,5678
64.227.108.25,31908
31.58.18.148,6417
23.27.75.12,6092
222.213.85.99,9002
51.15.209.188,16379
198.46.202.223,5503
39.102.214.199,10000
18.203.249.67,10010
79.106.170.126,4145
185.95.0.197,57032
34.43.181.55,3128
67.227.119.188,6517
47.238.134.126,999
94.75.76.3,8080
103.176.179.84,3128
123.140.146.33,5031
182.160.103.124,9990
185.186.17.57,5678
142.54.239.1,4145
144.126.229.211,3128
181.212.45.226,8080
45.41.178.126,6347
104.225.220.233,80
156.200.116.71,1981
8.213.222.157,9080
8.211.42.167,544
83.168.76.89,8081
216.10.27.122,6800
118.68.167.86,16000
198.46.246.100,6724
123.141.181.7,5031
103.38.103.18,1080
103.124.136.77,4145
185.77.221.99,8085
14.241.80.37,8080
60.190.195.146,10800
197.164.101.10,1976
161.35.70.249,8080
62.112.9.143,11385
218.75.69.50,56430
89.19.34.25,8085
46.10.208.106,8192
156.248.84.205,3129
103.240.101.30,8080
192.252.208.67,14287
81.44.83.70,8080
186.93.105.215,8080
138.68.60.8,3128
181.10.235.27,56034
89.19.34.73,8085
147.161.163.17,10089
8.211.195.173,45
68.1.210.189,4145
125.66.165.154,7302
42.118.202.151,16000
123.141.181.53,5031
94.154.127.202,8085
220.67.2.2,80
170.239.207.241,999
162.240.19.30,80
37.194.98.9,8080
8.213.195.191,6379
1.53.72.202,16000
161.35.70.249,3128
95.52.231.228,1080
197.232.47.102,52567
202.151.163.10,1080
182.16.171.42,51459
8.213.215.187,8081
195.154.43.198,39522
79.101.106.74,33608
193.142.37.118,8085
72.10.160.173,19329
45.61.127.1,5940
58.252.2.11,9999
68.183.143.134,80
159.69.57.20,8880
173.245.88.33,5336
185.43.189.182,3629
200.149.32.34,5678
190.52.99.220,999
173.212.245.45,41162
114.7.97.222,35010
183.89.139.38,4153
45.146.163.31,80
34.81.72.31,80
8.211.42.167,25565
194.233.88.202,12187
91.107.123.245,11135
156.228.106.248,3129
192.241.129.169,5566
163.44.253.160,80
103.85.52.243,1080
189.161.3.231,10101
156.228.190.102,3129
177.190.192.57,61221
107.173.36.14,5469
194.186.127.60,80
67.43.236.21,30071
185.86.5.162,8975
72.210.208.101,4145
94.250.250.154,3128
45.189.108.161,8899
185.77.223.250,8085
47.89.159.212,5060
116.130.233.22,3129
85.237.62.189,3629
121.200.60.198,8010
27.77.236.64,1080
116.107.124.98,20073
150.136.120.240,3128
95.216.230.239,80
176.77.9.22,5678
92.86.92.126,42740
20.187.77.5,80
78.38.53.36,80
47.91.29.151,8081
196.202.91.43,8080
134.19.254.2,21231
109.232.106.150,52435
156.248.80.147,3129
45.162.135.201,999
45.43.81.50,5697
91.241.241.60,9090
45.147.8.202,8085
46.0.229.208,1080
67.201.59.70,4145
120.28.194.248,8282
47.252.11.233,8081
54.92.199.26,80
64.225.4.63,9993
202.141.242.3,55544
174.138.62.182,43715
185.118.188.70,49594
31.57.87.92,5777
98.170.57.249,4145
38.153.139.31,9707
46.209.54.102,8080
118.218.126.54,9400
193.151.130.114,8086
170.106.151.187,42576
147.161.162.175,9480
189.203.181.34,1080
27.123.3.138,4145
139.59.234.208,52873
36.64.5.162,5678
142.54.231.38,4145
187.44.211.118,4153
188.34.164.99,8080
72.210.252.134,46164
8.220.141.8,80
109.111.182.202,8080
156.228.115.212,3129
200.52.148.10,999
8.138.149.37,8080
36.67.205.183,5678
93.184.7.26,1080
190.119.160.29,56160
36.89.56.127,5678
18.188.141.177,21189
119.148.23.210,9990
163.47.37.190,1080
160.3.168.70,8080
8.138.82.6,3128
116.204.96.246,8080
181.129.62.2,47377
27.147.221.140,5678
1.179.148.9,55636
0.0.0.0,80
39.102.214.192,8888
18.100.217.180,3128
98.162.25.23,4145
103.105.40.13,4145
183.88.219.206,34676
109.73.189.7,5678
60.223.244.119,10800
115.144.8.91,80
104.18.73.184,80
197.245.83.20,5678
209.250.230.101,9090
88.250.69.136,5678
154.197.128.161,3128
4.156.78.45,80
183.88.247.52,4153
186.251.254.253,26751
43.129.249.83,8888
47.91.29.151,8080
109.75.42.82,3629
69.163.162.253,20676
124.41.213.174,5678
159.224.243.185,61303
157.20.98.91,1111
47.238.128.246,85
77.225.177.14,10801
201.182.251.142,999
140.235.3.99,8085
38.191.42.200,999
223.25.109.126,8199
171.250.221.164,1080
192.99.244.173,15590
191.37.66.225,8080
200.108.50.254,4145
91.126.132.83,80
206.42.59.67,33333
103.51.21.250,83
217.29.18.206,4145
129.226.90.169,443
16.170.1.8,80
79.115.80.247,111
47.91.29.151,3128
47.76.144.139,11
46.146.220.247,1080
98.170.57.241,4145
166.88.238.219,6199
149.20.253.101,12551
78.28.152.113,80
103.127.204.116,27416
213.16.81.147,5678
198.199.86.11,1080
103.148.112.70,8199
150.230.249.42,46818
1.9.167.35,60489
180.250.159.49,4153
139.196.214.238,10001
23.27.78.254,5834
91.247.92.63,5678
149.202.172.113,80
176.74.193.6,36918
117.74.65.207,1023
187.60.67.218,5678
8.211.195.139,8443
202.94.145.6,80
8.213.222.157,5060
114.236.93.203,15800
223.25.98.82,5678
147.45.237.170,1080
190.110.226.122,80
45.61.97.163,6689
192.252.220.92,17328
96.70.186.221,80
50.122.86.118,80
72.195.34.60,27391
8.213.197.208,34567
195.158.8.123,3128
157.230.1.108,14070
1.179.151.165,31948
88.255.218.79,8080
181.78.49.177,999
93.177.95.41,8085
85.235.184.186,3129
149.129.226.9,41
195.225.49.131,55774
118.193.59.74,19147
45.196.151.84,5432
24.75.156.114,3366
144.91.106.93,3128
103.76.190.37,31756
31.28.4.192,80
175.29.188.126,9090
173.214.176.112,6083
178.49.22.23,1080
139.162.166.167,43941
66.29.128.244,23597
18.195.164.53,7777
72.221.232.155,4145
162.220.247.242,6837
185.112.224.151,1080
125.25.40.38,8080
216.107.129.72,10180
177.43.72.250,5678
197.156.243.134,33333
172.105.107.223,3128
5.45.126.128,8080
147.161.177.132,10272
38.7.2.93,999
167.71.228.152,29206
217.160.125.9,80
88.255.102.123,8080
5.189.130.215,30211
89.19.177.197,1080
104.201.45.215,29363
140.235.3.46,8085
20.210.76.175,8561
18.170.63.85,999
85.237.51.73,4145
147.75.34.105,443
108.20.193.57,49430
212.126.5.245,42344
201.150.118.145,999
143.110.186.10,6647
42.113.20.109,16000
202.159.60.145,194
64.49.39.66,8085
144.202.21.190,10884
71.19.249.97,8443
156.228.91.237,3129
222.165.234.242,41541
93.230.164.47,1234
37.18.73.60,5566
217.219.74.130,8888
178.168.208.4,5678
190.0.15.18,5678
102.164.252.150,8080
47.238.130.212,80
45.6.101.98,4153
187.19.201.217,8080
45.133.112.50,8085
142.54.228.193,4145
45.41.179.25,6560
202.137.141.212,5678
184.181.217.210,4145
45.62.167.249,80
122.160.30.99,80
103.69.20.57,10888
188.235.139.93,1080
186.96.68.180,999
202.137.134.160,8088
118.193.59.74,10635
104.143.226.4,5607
223.205.189.164,5678
67.227.112.177,6217
51.254.78.223,80
156.228.116.198,3129
185.200.37.98,8080
154.30.242.29,9423
116.203.139.209,5678
1.179.147.5,52210
45.77.4.241,9050
188.40.158.211,1088
8.213.222.247,8008
212.108.205.6,5678
5.8.240.93,4153
101.51.104.213,4145
213.226.119.120,4857
45.112.125.60,4145
167.253.48.212,8085
212.46.198.230,1080
38.153.152.144,9494
94.154.127.132,8085
203.210.235.91,5678
190.60.41.26,999
81.12.124.185,5678
156.252.0.250,59249
190.131.227.30,999
186.97.138.69,999
167.99.124.118,80
62.89.31.216,3629
103.37.82.134,39873
115.127.36.190,1088
62.182.204.81,88
103.69.20.28,58080
69.163.163.62,15268
110.78.148.227,4145
5.78.95.168,8080
172.105.11.250,33624
51.222.155.142,80
103.136.244.178,8080
87.120.103.205,8080
98.130.47.34,3128
203.202.253.186,58309
213.143.113.82,80
177.234.192.45,32213
185.49.31.205,8080
185.216.106.55,6132
195.110.59.82,80
103.146.185.63,1081
159.203.104.153,8200
182.53.216.73,4145
156.54.240.53,3128
149.126.101.162,8080
38.54.95.19,4000
176.99.2.43,1080
85.206.93.105,8080
5.183.70.46,1080
125.25.43.202,8080
146.103.56.134,5682
95.84.156.71,4443
45.41.178.219,6440
139.59.14.115,33292
96.70.52.227,48324
181.143.207.10,33333
51.89.68.78,9050
161.35.70.249,1080
8.213.134.213,9080
117.54.114.98,80
113.53.29.228,13629
159.69.214.139,3128
45.136.25.203,8085
193.233.211.234,8085
45.136.27.195,8085
20.44.206.138,80
179.57.254.39,4145
104.37.135.145,4145
8.210.17.35,9098
103.193.144.223,8080
47.99.112.148,8080
101.109.76.109,4145
51.89.228.17,8080
183.89.41.224,8080
18.171.55.201,3128
98.181.137.80,4145
51.38.27.158,61791
98.162.25.4,31654
200.24.141.161,999
143.64.15.224,80
108.175.23.1,13135
154.236.177.104,1976
202.142.189.178,1080
193.31.127.128,8085
185.99.70.146,8080
212.83.137.142,12925
176.236.151.195,50800
103.23.204.146,4673
103.42.28.27,45787
61.19.116.28,8080
89.43.10.141,80
192.111.134.10,4145
181.129.83.234,5678
184.178.172.5,15303
23.27.75.196,6276
8.213.129.20,312
43.230.196.98,48200
8.213.129.20,06
66.42.224.229,41679
8.211.195.139,202
8.215.15.163,104
138.68.60.8,80
104.238.50.93,6639
45.38.45.199,6138
24.230.33.96,3128
36.92.222.105,4145
5.182.26.129,4145
8.213.195.191,8008
134.122.43.203,56442
8.213.197.208,9080
103.10.54.81,4153
13.221.134.55,3128
170.64.240.100,443
184.72.36.89,80
61.160.66.130,5555
156.228.95.229,3129
8.211.195.173,8443
45.147.235.126,8085
209.145.60.213,80
31.43.33.56,4153
182.253.159.158,1080
91.242.228.135,8085
193.142.37.59,8085
187.19.127.246,8011
176.65.149.147,8081
206.206.119.147,6058
176.74.199.115,19524
37.187.74.125,80
8.217.205.168,8888
58.75.126.235,4145
146.56.150.146,32241
144.22.175.58,1080
113.160.132.195,8080
154.29.232.32,6692
95.188.79.3,1080
142.93.207.141,8090
23.237.210.82,80
210.95.145.226,3128
35.152.137.65,26038
190.184.144.222,5678
180.149.232.253,6147
166.88.48.196,5522
8.211.194.85,8008
80.80.164.164,10801
184.178.172.18,15280
192.111.139.165,4145
188.163.170.130,35578
172.98.201.190,3128
52.191.208.232,80
122.116.125.115,8888
4.149.210.210,3128
51.83.184.241,9191
200.85.34.174,4153
197.234.121.222,8291
45.56.173.199,6182
103.132.92.110,1080
47.92.143.92,8081
23.247.136.248,80
8.42.68.249,39593
210.2.171.107,35010
47.76.144.139,8443
66.29.128.241,12795
8.213.197.208,8081
89.250.148.154,4145
154.29.239.224,6263
120.28.196.168,8080
112.205.92.14,8080
34.124.190.108,8080
103.79.96.213,4153
117.54.114.35,80
8.211.194.85,18080
83.168.72.172,8081
142.147.114.50,8080
94.154.127.109,8085
206.206.118.220,6458
128.199.202.122,8080
62.171.150.48,21927
213.149.156.87,5678
206.206.71.79,5719
213.19.205.18,54321
92.118.132.125,8080
91.242.228.231,8085
51.158.72.165,16379
39.102.209.128,8089
155.50.250.163,3128
181.176.221.151,9812
91.221.240.254,1080
5.135.136.60,9090
27.79.172.138,16000
89.151.134.157,3629
117.4.246.169,3389
38.51.233.146,60606
149.129.226.9,8080
166.88.238.133,6113
103.240.33.17,8291
58.186.131.236,16000
190.249.169.153,3629
38.54.71.67,80
8.211.195.139,1081
137.184.197.190,80
51.15.252.246,16379
68.183.73.61,80
118.27.114.32,8080
117.54.114.101,80
107.181.148.236,6096
31.170.17.141,4153
72.10.160.173,11137
81.7.86.154,4145
36.94.110.49,5678
156.248.80.30,3129
46.173.211.221,12880
103.167.87.208,39205
209.141.58.213,5556
156.228.105.136,3129
167.99.174.59,80
202.62.67.209,53281
201.218.144.19,999
185.200.119.90,8443
86.100.63.127,4145
64.49.39.92,8085
85.172.0.30,8080
121.139.218.165,31409
212.126.5.242,42344
36.67.14.151,5678
190.145.37.2,65409
181.113.135.254,50083
91.242.228.40,8085
116.106.176.240,12032
8.211.195.173,6379
206.206.71.212,5852
91.242.228.153,8085
203.30.190.172,80
70.184.181.203,48678
193.233.210.202,8085
103.79.96.214,4153
164.68.101.70,8888
8.213.222.157,80
84.241.8.234,8080
177.91.83.116,4153
72.37.217.3,4145
210.245.51.76,4145
82.114.68.42,5678
161.123.33.120,6143
88.213.214.254,4145
103.65.237.92,5678
1.32.57.85,5678
20.27.11.248,8561
38.170.175.192,5861
156.228.116.28,3129
176.119.16.40,8534
104.17.69.25,80
154.6.87.130,6600
142.54.235.9,4145
187.188.58.173,4153
141.94.70.195,46797
137.184.228.194,40886
199.96.167.213,8085
213.151.79.84,8080
154.113.121.60,80
91.200.114.58,55749
168.228.71.251,4153
65.21.52.41,8888
68.178.207.17,63518
205.185.116.159,5556
45.136.27.13,8085
95.80.253.77,33333
161.49.116.131,1338
8.213.197.208,808
150.107.207.137,57230
213.226.122.5,7788
8.220.204.215,8008
95.70.220.173,4153
132.148.245.112,19483
163.47.174.47,1080
8.210.17.35,8080
127.0.0.7,80
170.246.198.24,5678
138.197.68.35,4857
208.109.13.24,7611
62.141.66.110,4145
179.61.154.8,8050
183.88.240.53,4145
103.191.218.115,8080
103.146.26.31,5678
52.79.107.158,8080
8.213.197.208,31433
109.73.176.20,4145
182.16.171.65,51459
8.209.96.245,8081
103.151.17.201,8080
129.146.231.203,8080
8.221.138.111,8081
147.124.212.31,42223
45.128.133.225,1080
104.248.225.143,1352
116.203.27.109,80
45.147.232.159,8085
47.254.36.213,1080
47.251.87.199,50
138.117.63.102,3629
3.109.62.30,717
190.61.48.24,999
199.58.184.97,4145
213.165.185.211,4153
211.128.96.206,80
4.245.123.244,80
45.91.93.166,26649
185.77.223.60,8085
92.119.74.49,5678
128.199.79.8,7497
125.141.139.110,5566
80.193.50.189,40004
47.238.128.246,9080
123.200.5.146,57775
103.230.126.123,19081
81.177.160.200,80
185.132.133.91,80
51.75.125.208,27029
104.18.181.216,80
203.150.172.151,8080
167.71.250.32,43965
195.138.65.34,5678
193.142.36.138,8085
50.236.148.246,31699
94.26.241.120,8080
179.1.142.129,8080
134.122.21.142,33346
42.113.21.71,16000
194.34.232.107,80
123.141.181.46,5031
49.229.42.18,4153
45.147.234.236,8085
91.132.125.238,8085
178.134.141.242,8080
46.202.59.181,5672
50.238.47.86,32100
176.118.232.12,5678
120.77.203.0,443
78.188.81.57,8080
5.42.87.164,56789
46.227.36.152,1080
178.95.181.82,33333
184.178.172.14,4145
94.232.11.178,58028
36.94.228.115,5678
103.35.109.138,4145
47.180.63.37,54321
103.245.109.57,39355
98.162.96.41,4145
72.221.171.135,4145
123.140.146.46,5031
5.135.191.56,56750
185.242.113.156,3128
185.51.92.108,51327
5.252.23.206,1080
103.225.125.169,4153
185.169.181.25,4145
140.99.127.15,3128
66.63.168.119,8000
39.102.213.187,18080
213.6.155.9,19000
37.68.74.179,80
125.141.133.49,5566
57.128.140.202,24728
222.255.238.159,80
146.59.243.214,80
98.162.96.53,10663
115.127.87.245,10800
103.141.66.78,2005
38.127.179.249,11537
91.242.228.110,8085
160.19.18.135,2211
103.173.138.177,8080
89.237.32.66,51549
111.61.73.175,7302
103.106.236.200,5678
37.186.66.36,3629
160.251.142.232,80
104.19.94.218,80
69.36.63.128,1080
117.141.96.35,4145
110.78.147.112,4145
198.8.84.3,4145
82.69.16.184,80
151.22.181.205,8080
31.146.84.142,61669
37.152.163.238,4153
195.153.134.114,3128
24.123.120.100,4228
186.124.164.213,80
58.219.128.107,41122
38.91.107.229,34261
154.72.90.74,8081
8.212.168.170,2067
181.209.106.186,1080
156.233.85.163,3129
199.58.185.9,4145
8.209.96.245,3128
185.118.155.202,8080
8.221.138.111,3128
146.83.118.9,80
120.46.155.74,7890
181.120.28.228,80
189.39.118.210,5678
201.182.251.140,999
101.109.245.200,4153
173.249.30.165,3128
45.235.123.45,999
104.200.152.30,4145
72.221.164.34,60671
92.241.87.14,5678
45.190.141.241,1080
72.221.172.203,4145
187.188.169.169,59329
91.241.217.58,9090
180.180.124.248,49992
81.12.157.98,5678
118.174.228.102,8080
98.162.25.7,31653
149.12.110.109,5678
181.143.143.125,999
5.19.101.163,33333
72.195.34.42,4145
45.128.133.199,1080
45.128.133.65,1080
57.129.81.201,8080
156.248.82.87,3129
41.204.63.118,80
47.91.29.151,33427
115.144.80.188,26849
8.221.138.111,46691
186.103.130.91,8080
104.143.224.149,6010
139.162.151.176,71
98.162.25.29,31679
45.61.187.67,4009
190.238.231.65,1994
92.205.60.110,55539
141.94.254.138,26353
61.91.162.126,8080
109.236.47.242,4145
45.61.96.30,6010
163.172.131.178,16379
39.102.213.213,8008
200.41.60.33,4153
163.172.185.252,16379
4.195.16.140,80
182.52.67.122,50801
47.57.115.226,9050
200.117.0.225,999
90.84.17.133,3128
103.159.88.72,29001
95.43.244.15,4153
103.111.55.58,2020
190.205.99.186,5678
34.117.70.177,80
103.137.110.34,5678
147.45.178.211,14658
103.116.145.67,33333
134.209.29.120,3128
147.182.138.236,53846
80.194.38.106,3333
31.13.64.35,80
103.10.231.189,8080
156.200.116.67,1976
103.146.2.151,33333
91.233.169.23,8081
8.211.194.78,8005
156.242.42.186,3129
198.74.51.79,8888
155.50.215.37,3128
34.116.7.175,8080
184.181.178.33,4145
200.123.109.166,4153
103.28.148.187,8080
162.216.204.146,1080
36.94.185.93,35010
49.156.44.130,48293
74.119.147.209,4145
185.237.14.12,11080
47.74.46.81,11310
92.45.19.35,5678
5.78.100.74,8080
47.252.29.28,11222
203.85.120.69,8080
181.119.67.131,999
190.145.194.210,8080
13.38.66.165,3128
202.142.159.204,31026
8.220.141.8,8443
51.15.228.52,8080
85.132.37.9,1313
223.205.77.194,8080
159.203.61.169,3128
125.141.139.112,5566
110.77.149.50,5678
106.245.183.58,4145
103.151.41.7,80
35.179.146.181,3128
64.227.140.246,3128
47.91.89.3,9080
46.0.126.10,41890
98.191.0.37,4145
201.48.62.65,4145
184.82.142.201,4153
38.50.130.93,5678
14.248.61.153,8080
124.105.17.195,8082
105.235.193.46,5678
35.209.198.222,80
184.178.172.26,4145
31.58.18.26,6295
41.74.91.244,80
103.190.113.120,8085
177.85.157.25,4153
198.23.128.129,5757
1.180.49.222,7302
89.169.113.55,3128
190.246.55.235,5678
181.57.131.122,8080
41.254.53.70,1981
130.185.74.84,2052
8.221.141.88,4002
129.205.244.158,1080
47.88.18.204,8023
104.192.202.11,1080
123.136.29.182,5678
156.242.39.164,3129
193.163.92.195,8085
109.94.182.128,4145
156.248.83.222,3129
78.109.139.51,5678
221.230.77.10,10800
46.8.48.143,1080
187.141.129.86,4153
103.156.16.45,8080
218.3.253.238,10800
128.199.202.122,1080
8.134.130.235,3128
43.132.184.228,8181
114.46.129.5,4145
75.119.201.151,15745
46.101.19.131,80
89.239.149.96,7788
115.127.34.26,1088
206.206.119.59,5970
188.169.84.30,5678
178.215.163.218,4145
213.147.123.39,1080
196.25.170.130,4145
194.170.146.125,8080
36.89.229.97,50540
186.233.42.167,3128
8.212.151.166,51
39.102.210.222,10000
203.76.110.186,4145
192.252.214.20,15864
110.78.148.57,4145
149.202.75.85,36666
45.194.53.45,80
47.91.89.3,8081
167.235.63.110,13270
156.228.105.132,3129
66.248.217.9,8080
223.26.16.1,5678
103.189.116.138,1220
24.199.103.116,42206
36.95.189.165,5678
190.104.213.175,1080
138.68.24.185,58170
217.77.102.18,3128
51.75.121.129,23333
181.101.5.49,1080
119.46.2.245,4145
221.1.86.176,9000
138.97.0.184,4145
167.86.92.137,8013
67.227.37.55,5597
199.119.74.239,33333
36.89.11.81,5678
185.43.249.148,39316
190.97.231.0,999
190.216.56.1,4153
156.228.94.84,3129
77.238.79.111,8080
81.176.228.191,1080
103.151.47.22,46889
155.254.9.2,36510
5.9.147.197,30000
82.130.202.219,43429
45.43.87.228,7977
156.228.113.44,3129
102.207.128.3,8080
175.139.233.79,80
108.61.242.48,20320
49.12.216.1,80
72.10.164.178,2383
187.95.82.57,3629
174.138.176.77,48393
108.136.149.20,25505
110.243.2.186,9999
152.228.134.212,21658
8.211.194.78,9080
198.105.122.183,6756
164.163.178.61,8080
36.88.129.140,9999
47.176.213.210,39593
172.104.145.22,9064
188.166.230.109,31028
176.9.238.167,52533
110.74.195.152,1080
95.216.25.222,10831
176.214.77.103,3128
203.112.223.126,5678
8.244.151.70,3128
201.168.8.74,999
168.205.218.58,4145
27.68.171.49,1080
123.140.146.1,5031
81.16.1.71,5678
194.152.50.92,5678
85.159.210.237,37093
186.103.133.91,5678
185.201.118.10,53281
43.130.35.101,10461
77.52.187.199,10000
178.151.134.232,5678
195.130.115.208,33333
156.242.33.136,3129
45.6.94.159,4153
121.13.252.58,61401
92.58.181.171,1194
43.135.36.240,80
51.75.202.177,8493
194.186.35.70,3128
103.163.244.106,1080
8.211.42.167,8081
78.40.104.5,1080
91.132.124.227,8085
190.54.12.74,5678
154.66.108.52,3629
51.15.223.12,16379
206.206.64.89,6050
212.156.217.147,4153
69.27.14.138,43014
188.134.9.40,1080
103.97.94.22,4153
198.49.68.80,80
195.175.87.14,4153
82.147.153.6,4153
136.243.177.154,13081
1.2.214.8,4145
156.249.62.41,3129
187.32.20.249,5678
190.58.248.86,80
193.216.224.108,8192
131.161.68.41,35944
103.59.203.209,4145
8.210.17.35,8008
198.12.112.138,5149
154.118.231.30,80
94.77.127.120,80
3.10.207.94,8000
8.213.197.208,80
103.242.175.241,8899
154.213.167.20,3129
192.252.209.155,14455
120.42.35.91,35010
47.91.89.3,3128
68.71.254.6,4145
103.149.194.40,32650
73.155.14.120,80
38.147.98.190,8080
178.255.44.60,58968
177.234.192.44,32213
198.46.148.101,5789
154.79.242.178,10801
140.235.0.230,8085
64.225.8.179,10000
172.104.155.203,3128
116.197.129.170,4145
175.6.140.135,38801
8.213.222.157,4000
8.213.215.187,3000
85.208.118.204,3128
171.248.216.170,1080
51.158.124.167,16379
41.65.55.10,1976
154.6.59.224,6692
101.200.158.109,3128
223.18.60.191,8080
3.12.178.169,80
188.133.160.22,4145
186.190.228.83,4153
171.97.107.99,4145
103.156.14.165,5678
67.227.112.21,6061
98.181.137.83,4145
23.247.136.254,80
194.163.182.234,53941
103.134.214.130,1648
5.189.130.42,23055
103.155.54.38,83
147.75.88.115,9443
91.214.62.121,8053
45.136.26.111,8085
89.133.95.177,4145
168.181.122.97,1080
40.215.54.170,12369
157.230.250.185,45851
171.234.54.74,5555
91.242.228.100,8085
200.108.190.110,9800
212.47.226.225,16379
85.102.10.94,4153
85.228.42.157,4153
98.178.72.21,10919
158.181.138.19,8081
139.144.180.43,80
176.235.182.84,1080
85.238.74.91,8080
8.211.200.183,1720
78.47.127.91,80
199.241.139.74,25912
144.91.113.229,57018
96.126.123.196,62771
47.254.36.213,20000
62.122.201.246,50129
8.211.194.85,9098
185.22.31.227,4153
198.199.86.11,3128
58.186.92.137,16000
198.37.121.203,6623
107.181.154.143,5821
50.236.148.254,31699
38.56.70.97,999
1.55.53.231,16000
47.251.74.38,199
200.108.234.105,8080
192.252.211.197,14921
103.227.186.68,6080
213.190.26.158,1080
68.71.249.153,48606
89.249.198.180,6266
72.10.160.90,3581
107.181.154.19,5697
78.46.84.169,8080
31.179.162.78,4153
8.211.42.167,3128
20.210.39.153,8561
116.110.245.62,9002
218.26.101.226,53813
8.221.141.88,11
80.63.84.58,8081
180.191.59.103,9995
45.136.25.237,8085
13.80.134.180,80
110.77.184.124,4145
103.210.57.243,80
45.136.27.188,8085
51.15.133.214,16379
106.240.89.60,4145
109.69.0.179,5678
183.235.252.241,8000
103.137.91.250,8080
147.45.42.147,30787
141.136.63.126,8080
64.227.106.157,80
115.239.234.43,7302
41.190.152.130,4673
163.172.145.226,16379
182.52.63.95,4153
39.102.214.152,10002
202.69.38.42,5678
45.135.139.146,6449
123.202.159.108,80
8.211.194.78,3128
103.174.237.66,3127
177.6.235.2,8080
103.156.17.158,8818
143.110.232.177,80
98.175.31.195,4145
45.159.150.23,3128
146.196.63.235,4145
191.101.1.116,80
217.52.247.77,1981
65.169.38.73,26592
194.180.236.36,8085
181.209.253.168,35010
152.67.99.80,80
167.253.48.150,8085
67.213.212.52,40818
154.79.248.156,5678
185.226.207.132,5681
64.49.39.42,8085
190.89.37.73,999
8.213.222.247,8080
157.230.191.76,56996
194.59.204.87,9080
142.93.66.245,23742
206.206.69.99,6363
200.8.185.126,4145
123.58.199.232,8168
123.140.146.57,5031
8.211.194.78,31433
123.182.233.70,7302
141.147.150.58,3128
157.10.191.2,8199
133.18.234.13,80
177.128.44.126,31337
47.74.46.81,45
52.78.241.34,20134
198.23.214.246,6513
36.255.104.17,1080
125.141.139.198,5566
182.160.116.125,1088
167.253.48.69,8085
103.153.96.147,8181
110.93.206.62,5678
103.216.49.229,33333
116.104.41.109,5000
103.165.93.140,1080
102.38.22.121,8080
123.136.24.161,1080
182.253.181.10,8080
185.158.114.235,32227
165.154.224.14,80
143.244.57.20,80
201.144.8.115,5678
178.128.167.129,1080
200.7.106.194,1080
45.43.70.43,6330
193.158.12.138,4153
223.165.243.161,47205
36.255.86.113,83
45.225.184.177,999
182.53.96.56,4145
188.166.197.129,3128
116.204.160.111,8080
38.170.162.7,7062
139.196.156.220,8888
213.6.38.50,59422
194.180.233.121,8085
75.163.174.120,8080
190.187.201.26,8080
92.207.253.226,38157
43.216.250.248,23218
171.248.245.94,5678
103.114.25.81,8088
65.21.34.102,80
31.28.253.63,10810
202.136.215.29,808
190.128.228.182,80
20.78.118.91,8561
198.105.111.61,6739
47.238.134.126,8888
116.9.163.205,5678
89.38.99.47,19103
200.54.194.13,53281
201.174.175.82,999
61.111.38.5,80
165.154.236.214,80
186.155.230.114,999
37.26.86.206,4145
101.108.113.17,8080
156.228.100.43,3129
103.174.178.137,1020
159.203.61.169,1080
156.242.40.47,3129
45.90.104.150,9090
8.213.215.187,9080
116.111.119.135,16000
5.22.154.50,60606
188.132.222.24,8080
3.72.40.248,50202
24.37.245.42,51056
161.123.5.175,5224
115.21.99.135,4145
182.155.254.159,80
45.238.57.1,3629
115.127.31.66,8080
198.0.198.132,54321
131.196.180.1,4153
39.102.208.236,10000
189.50.138.10,5678
64.56.150.102,3128
84.36.35.199,8080
213.16.81.182,35559
45.41.169.62,6723
171.39.31.66,5678
194.1.232.150,33333
183.111.202.68,80
198.37.109.152,6259
156.248.83.110,3129
178.128.172.154,3128
47.116.181.146,8090
102.0.0.118,80
41.223.234.2,80
103.166.32.130,11080
222.223.112.59,10800
159.192.138.170,8080
43.153.71.78,19090
155.50.208.37,3128
103.17.90.6,5678
45.145.129.184,8085
194.190.169.197,3701
103.235.199.100,25566
40.71.46.210,8214
52.24.80.166,80
36.50.135.105,37432
51.15.5.21,60349
92.241.92.218,14888
8.219.97.248,80
181.209.107.138,4153
34.64.4.104,80
156.228.94.80,3129
24.172.34.114,49920
47.251.87.199,9098
68.71.242.118,4145
43.217.134.23,3128
156.228.108.51,3129
159.65.245.255,80
103.178.176.166,8080
113.22.204.215,16000
5.78.44.6,8080
32.223.6.94,80
91.242.228.91,8085
186.211.2.54,4145
134.209.189.42,80
115.187.50.40,5678
92.49.167.60,7788
165.227.104.122,48500
102.141.30.2,33333
139.59.1.14,8080
27.79.161.173,16000
217.144.185.242,22578
8.213.195.191,3128
67.22.28.62,8080
91.121.48.221,38711
54.37.72.89,80
72.49.49.11,31034
109.110.78.70,5678
47.238.134.126,9098
129.126.65.78,4153
8.211.195.139,8001
5.133.219.4,63434
8.211.194.85,8080
93.177.126.79,8088
118.67.220.225,4145
45.133.115.143,8085
8.213.128.90,86
45.88.138.31,3128
216.173.120.14,6306
31.220.4.240,18967
109.248.236.150,9898
139.59.1.14,3128
195.154.113.159,3128
49.156.38.126,5678
80.232.245.122,8080
103.102.85.1,8080
64.32.2.139,15741
125.70.227.214,10800
207.180.251.58,56645
158.178.237.243,3128
72.217.216.239,4145
192.111.130.2,4145
105.214.77.107,5678
193.31.127.245,8085
72.195.34.58,4145
122.248.38.4,4153
163.172.132.115,16379
8.211.194.85,3128
197.232.43.224,1080
142.147.244.26,6270
190.8.164.120,999
45.43.64.76,6334
51.159.28.39,80
163.53.204.178,9813
196.1.95.124,80
198.105.100.241,6492
193.106.57.96,5678
72.37.216.68,4145
195.87.182.10,9090
147.124.212.31,14741
51.15.139.14,16379
156.240.100.10,8080
45.229.34.174,999
201.182.251.141,999
198.23.143.74,80
14.207.161.107,4153
37.59.98.21,443
117.251.103.186,8080
38.156.73.229,8080
103.239.200.226,11
145.223.46.188,5738
211.21.125.32,4153
155.50.253.163,3128
35.197.52.41,80
194.99.25.238,8085
154.6.128.108,6078
71.121.234.208,80
176.113.115.84,51139
108.170.12.14,80
155.248.213.236,3128
51.158.70.223,16379
168.194.224.36,4153
141.147.33.121,80
103.206.208.135,55443
117.1.200.135,4004
125.25.40.41,32650
38.127.179.226,55994
8.220.204.215,8081
8.220.205.172,3128
103.174.178.145,2005
181.214.39.72,5719
158.174.126.133,50152
185.244.208.193,37430
152.228.212.223,29272
212.112.127.20,8080
185.132.242.212,8083
161.123.33.142,6165
81.12.124.86,5678
197.232.36.85,41890
195.74.72.111,5678
14.226.8.253,5678
182.253.109.17,8080
137.184.100.135,80
115.74.153.252,1080
181.13.198.90,4153
102.221.88.242,8080
60.217.64.237,35292
156.228.84.107,3129
37.59.50.81,5055
192.252.209.158,4145
67.213.212.57,65456
213.168.210.76,80
156.67.217.159,80
153.19.91.77,80
46.101.102.134,3128
184.178.172.28,15294
176.236.163.36,59311
94.154.127.122,8085
40.76.69.94,8080
85.221.249.213,8080
202.145.11.220,5678
47.251.87.74,4444
175.22.92.192,8060
107.175.119.23,6551
156.228.125.36,3129
195.228.65.164,5678
217.66.207.3,33333
34.29.41.58,3128
200.10.31.74,49992
181.65.169.35,999
203.24.103.249,80
216.74.115.214,6808
140.235.3.228,8085
94.254.244.251,8192
103.86.1.255,4145
38.10.179.195,999
31.131.199.127,3629
92.42.8.23,4153
177.21.206.184,4145
168.232.213.9,4153
103.86.135.34,5678
201.217.51.9,4145
185.6.9.176,8072
107.173.36.187,5642
125.228.94.199,4145
46.172.36.213,8080
49.229.36.172,4153
8.211.195.139,9080
193.142.36.141,8085
104.20.114.122,80
46.107.230.122,1080
167.71.241.136,33299
175.144.198.226,31694
8.220.204.215,8080
41.217.223.145,32650
8.213.215.187,5060
149.129.255.179,119
64.225.8.115,9994
192.252.216.86,4145
203.156.190.5,5678
51.44.85.200,3128
188.95.20.139,5678
184.181.217.213,4145
193.233.211.87,8085
190.61.84.166,9812
51.158.105.157,16379
37.252.221.73,8000
77.233.5.68,55443
109.68.189.22,54643
139.5.64.108,80
91.107.203.75,8080
124.122.175.63,8888
114.7.121.94,4145
190.186.237.103,80
185.32.4.102,4153
89.249.198.221,6307
139.59.234.208,50929
106.3.142.85,4153
178.45.175.121,7788
8.213.156.191,8888
102.36.156.217,41890
172.104.233.184,8080
47.252.18.37,100
62.112.10.88,30839
221.211.62.4,1111
178.159.52.208,8080
177.73.248.26,55290
110.77.145.159,4145
75.119.145.154,12416
103.189.63.149,56457
187.49.207.65,4153
199.229.254.129,4145
47.120.26.153,8888
136.0.127.245,5954
91.103.29.150,3629
103.162.50.13,6969
38.170.176.12,5407
113.176.118.150,1080
8.215.12.103,8009
103.134.165.38,8080
43.231.78.170,1080
156.248.86.77,3129
83.234.147.166,6363
49.48.45.251,8080
185.190.90.2,4145
47.251.43.115,33333
84.241.188.138,8111
103.160.201.26,1080
187.32.246.82,3128
72.221.171.130,4145
66.78.34.93,5712
168.227.158.45,4145
