dest_ip,dest_port
36.64.27.123,5678
67.43.228.254,5555
103.76.151.90,8080
117.74.65.207,5441
103.170.22.52,8089
103.177.176.62,8080
202.40.181.220,31247
166.62.88.163,39426
84.2.239.42,4153
185.161.186.83,54321
91.228.245.196,4153
103.86.1.25,4145
103.156.17.123,8181
139.59.68.143,49159
72.10.164.178,3001
103.221.254.59,1088
47.74.226.8,5001
138.199.25.13,3909
203.112.223.126,8080
201.144.8.115,5678
202.154.19.7,8080
139.59.234.208,50929
36.95.231.205,5678
150.230.249.42,46818
186.224.225.82,42648
72.10.160.170,10919
203.150.128.210,8080
72.10.160.174,2481
67.43.228.250,14395
8.39.228.193,39593
194.44.74.118,1080
45.6.95.68,4153
202.131.159.58,5678
45.116.114.37,5678
203.170.146.146,4153
104.129.194.44,10336
213.156.124.3,33333
45.128.133.197,1080
109.232.106.150,52435
103.105.41.209,4145
84.52.123.163,4145
74.82.50.155,3128
202.166.219.80,4153
103.137.111.231,8086
186.103.143.214,4153
103.172.70.237,8080
103.152.93.156,8080
103.154.230.99,5678
51.158.105.157,16379
207.154.230.54,38660
124.158.149.66,4153
103.169.132.70,800
67.43.236.20,5103
200.125.171.78,9991
128.199.104.190,41354
103.110.10.154,4153
47.176.213.210,39593
103.31.235.102,8080
37.18.73.60,5566
103.72.89.2,8080
51.75.126.150,21224
181.225.40.138,999
172.99.187.33,4145
45.116.230.79,4673
103.48.68.11,84
77.238.79.111,8080
187.19.127.246,8011
209.141.62.12,5555
103.116.174.125,5678
103.247.22.82,8080
125.228.94.199,4145
95.43.244.15,4153
70.80.75.236,5678
168.194.75.98,8888
82.132.19.108,4153
119.252.167.130,41890
62.201.212.198,4673
200.85.52.254,5678
103.1.105.10,4153
203.174.15.138,8080
45.128.133.209,1080
45.79.203.254,48579
202.40.179.18,4145
80.65.80.230,5678
129.205.244.185,5678
103.156.74.184,8080
103.234.27.221,1080
8.213.128.6,8080
154.70.214.105,4145
87.117.11.57,1080
79.106.170.126,4145
104.236.114.255,1611
67.43.228.252,10693
170.81.171.189,8080
45.249.101.65,56457
8.219.97.248,80
184.95.220.42,1080
45.128.133.241,1080
91.187.121.211,2080
212.33.248.45,1080
8.213.137.155,8080
195.46.172.190,4153
199.48.129.114,3120
190.61.55.138,999
91.236.156.30,8282
103.160.41.138,3829
103.189.116.134,8080
185.215.53.205,3629
36.94.30.238,8080
112.78.134.133,7777
113.161.145.229,4153
102.36.127.53,1080
182.53.216.73,4145
165.140.184.30,39593
191.102.250.73,4153
187.188.169.169,8080
72.10.160.90,19101
103.118.127.222,4153
91.200.115.49,1080
95.140.112.33,1080
187.63.9.62,63253
45.6.101.97,4153
65.49.67.1,48324
167.172.86.46,10471
38.83.108.90,5678
202.74.48.66,1088
167.71.220.29,7497
185.87.121.5,8975
213.19.205.198,1080
213.184.242.144,8080
103.242.104.69,8080
31.131.199.127,3629
64.49.67.164,5678
31.13.239.4,5678
109.166.207.162,3629
201.234.24.89,4153
187.44.211.118,4153
1.179.148.33,1080
111.68.31.134,40385
161.49.116.131,1337
182.253.21.26,46977
185.86.5.162,8975
181.143.21.146,4153
113.160.188.21,1080
46.8.60.2,1080
8.42.68.197,39593
61.29.96.146,80
91.92.80.199,4145
111.68.127.170,4153
203.160.56.17,5678
116.118.98.21,5678
98.154.21.253,3128
78.46.225.37,19051
197.232.47.122,5678
200.125.170.238,999
45.128.133.141,1080
213.165.185.211,4153
185.200.37.43,8080
122.146.95.183,4145
8.39.228.35,39593
182.253.217.220,8080
54.194.252.228,3128
45.234.77.86,4153
39.101.65.228,8080
175.100.103.170,55443
92.247.12.136,9510
213.249.123.18,1080
36.94.232.177,999
177.136.124.46,56113
97.105.12.186,4153
183.88.247.52,4153
103.56.206.65,4996
138.117.110.243,999
38.51.243.173,5678
45.40.136.39,25302
190.220.1.173,56974
122.3.41.154,8090
181.78.23.170,999
8.213.129.20,20201
209.97.169.41,50103
143.137.116.72,1080
193.122.105.251,65535
213.74.223.76,4153
190.57.131.158,1080
202.162.195.54,8089
104.129.194.43,10336
177.85.205.121,3629
118.174.143.38,4153
103.174.178.138,1080
5.8.240.92,4153
92.255.190.64,4153
200.123.109.166,4153
103.187.86.10,8182
91.223.52.141,5678
179.1.110.87,5678
188.166.217.4,20278
103.156.17.39,8181
113.176.118.150,1080
189.203.181.34,1080
185.170.233.106,47574
72.10.160.172,10919
115.127.95.82,8080
45.115.1.14,5678
103.253.27.150,2021
168.232.213.9,4153
196.29.231.1,4145
27.121.101.5,5678
182.253.6.236,8080
124.158.153.33,1080
103.156.249.34,8085
180.178.103.70,8080
50.238.47.86,32100
8.213.128.90,8080
8.213.129.15,8080
45.128.135.255,1080
103.40.122.194,1080
177.85.65.177,4153
103.36.35.249,5678
46.98.199.154,5678
41.216.232.213,4153
201.91.248.67,20183
95.213.154.54,31337
83.220.46.106,4145
103.156.75.124,1111
98.103.88.158,46104
103.18.47.79,4145
116.118.98.25,5678
103.30.118.69,5678
67.43.228.253,3767
103.158.252.102,5678
103.174.238.105,1080
103.141.148.62,5678
83.234.147.166,6363
178.220.148.82,10801
45.128.133.1,1080
45.70.236.194,999
118.69.186.65,4153
165.139.202.86,8080
45.128.133.205,1080
103.105.78.158,1080
203.174.15.83,8080
154.159.243.94,4673
45.6.101.98,4153
